Keyword,Source,Seed
telegram bot,Google,Telegram
telegram bot,Bing,Telegram
telegram绑定邮箱,Google,Telegram
telegram绑定邮箱,Bing,Telegram
telegram被冻结,Google,Telegram
telegram被冻结,Bing,Telegram
telegram版本,Google,Telegram
telegram版本,Bing,Telegram
telegram beta,Google,Telegram
telegram beta,Bing,Telegram
telegram被冻结如何申诉,Google,Telegram
telegram被盗号,Google,Telegram
telegram被限制无法主动发起私聊,Google,Telegram
telegram表情包,Google,Telegram
telegram被封,Google,Telegram
telegram不能更新,Google,Telegram
telegram保存视频,Google,Telegram
telegram便携版,Google,Telegram
telegram beta 下载,Google,Telegram
telegram被封号,Google,Telegram
telegram 不用 验证码 登录,Bing,Telegram
telegram保存的视频在哪ios,Bing,Telegram
telegram下载,Google,Telegram
telegram网页版,Google,Telegram
telegram网页版,Bing,Telegram
telegram web,Google,Telegram
telegram web,Bing,Telegram
telegram x,Google,Telegram
telegram x,Bing,Telegram
telegram注册,Google,Telegram
telegram注册,Bing,Telegram
telegram chinese,Google,Telegram
telegram chinese,Bing,Telegram
telegram收不到验证码,Google,Telegram
telegram账号购买,Google,Telegram
telegram x下载,Google,Telegram
telegram x下载,Bing,Telegram
telegram账号,Google,Telegram
telegram账号,Bing,Telegram
telegram中文,Google,Telegram
telegram中文,Bing,Telegram
telegram搜索,Google,Telegram
telegram中文语言包,Google,Telegram
telegram中文语言包,Bing,Telegram
telegram chinese language,Google,Telegram
telegram chinese language,Bing,Telegram
telegram下载官网,Bing,Telegram
telegram官网,Bing,Telegram
telegram官网,Google,Telegram
telegram desktop,Bing,Telegram
telegram desktop,Google,Telegram
telegram下载电脑版,Bing,Telegram
telegram download,Bing,Telegram
telegram download,Google,Telegram
telegram收不到短信验证+86,Bing,Telegram
telegram官网网页版,Bing,Telegram
telegram网页版登陆,Bing,Telegram
telegram 翻译,Google,Telegram
telegram附近的人,Google,Telegram
telegram付费,Google,Telegram
telegram封号,Google,Telegram
telegram for android,Google,Telegram
telegram for android,Bing,Telegram
telegram fee,Google,Telegram
telegram fee,Bing,Telegram
telegram for pc,Google,Telegram
telegram for pc,Bing,Telegram
telegram繁体中文,Google,Telegram
telegram frozen怎么办,Google,Telegram
telegram翻译中文,Google,Telegram
telegram发送到另一台设备怎么解决,Google,Telegram
telegram for windows,Google,Telegram
telegram for windows,Bing,Telegram
telegram翻译,Bing,Telegram
telegram成品号,Google,Telegram
telegram channels,Google,Telegram
telegram channels,Bing,Telegram
telegram创始人,Google,Telegram
telegram创始人,Bing,Telegram
telegram测试版,Google,Telegram
telegram chinese language 简体,Google,Telegram
telegram channel search,Google,Telegram
telegram channel search,Bing,Telegram
telegram充值,Google,Telegram
telegram创建频道,Google,Telegram
telegram创建机器人,Google,Telegram
telegram chat id,Google,Telegram
telegram chat id,Bing,Telegram
telegram出现sms fee,Google,Telegram
telegram chinese language简体,Bing,Telegram
telegram apk,Google,Telegram
telegram apk,Bing,Telegram
telegram apk 下载,Google,Telegram
telegram app,Google,Telegram
telegram app,Bing,Telegram
telegram api,Google,Telegram
telegram api,Bing,Telegram
telegram安卓,Google,Telegram
telegram 安卓 下载,Google,Telegram
telegram安装包,Google,Telegram
telegram安装包,Bing,Telegram
telegram api 申请 error,Google,Telegram
telegram android,Google,Telegram
telegram android,Bing,Telegram
telegram 安卓 安装 包,Google,Telegram
telegram app store,Google,Telegram
telegram app store,Bing,Telegram
telegram 安卓 中文 版 下载,Google,Telegram
telegram ads,Google,Telegram
telegram ads,Bing,Telegram
telegram app中文版下载,Bing,Telegram
telegramapp下载,Bing,Telegram
telegram安卓下载,Bing,Telegram
telegram登录,Google,Telegram
telegram登录,Bing,Telegram
telegram登录收费,Google,Telegram
telegram登录不上,Google,Telegram
telegram登录收不到验证码,Google,Telegram
telegram登录收不到验证码,Bing,Telegram
telegram登录需要付费,Google,Telegram
telegram电脑版,Google,Telegram
telegram 代理,Google,Telegram
telegram 导航,Google,Telegram
telegram第三方,Google,Telegram
telegram第三方客户端,Google,Telegram
telegram电脑版中文,Google,Telegram
telegram短信费,Google,Telegram
telegram电脑版下载,Google,Telegram
telegram desktop下载,Bing,Telegram
telegram desktop 中文,Bing,Telegram
telegram购买,Google,Telegram
telegram购买,Bing,Telegram
telegram group,Google,Telegram
telegram group,Bing,Telegram
telegram github,Google,Telegram
telegram github,Bing,Telegram
telegram更换手机号,Google,Telegram
telegram国内怎么注册,Google,Telegram
telegram更新,Google,Telegram
telegram改中文,Google,Telegram
telegram 官方,Google,Telegram
telegram 官方 下载,Google,Telegram
telegram更新不了,Google,Telegram
telegram官网入口,Google,Telegram
telegram官网入口,Bing,Telegram
telegram 股票 群,Google,Telegram
telegram关闭敏感内容,Google,Telegram
telegram官网中文,Bing,Telegram
telegram官网登录,Bing,Telegram
telegram官网下载,Bing,Telegram
telegram官方,Bing,Telegram
telegram官方下载,Bing,Telegram
telegram email not allowed,Google,Telegram
telegram email not allowed,Bing,Telegram
telegram email,Google,Telegram
telegram email,Bing,Telegram
telegram二维码,Google,Telegram
telegram emoji,Google,Telegram
telegram emoji,Bing,Telegram
telegram二维码加载不出来,Google,Telegram
telegram二次验证,Google,Telegram
telegram 二 次 验证 被 其他 人 设置 密码,Google,Telegram
telegram 二 次 验证 忘记 了,Google,Telegram
telegram expert,Google,Telegram
telegram expert,Bing,Telegram
telegram 俄罗斯,Google,Telegram
telegram二维码怎么用,Google,Telegram
telegram email not allowed怎么解决,Bing,Telegram
telegram email not allowed怎么办,Bing,Telegram
telegram汉化,Google,Telegram
telegram汉化,Bing,Telegram
telegram汉化包,Google,Telegram
telegram汉化包,Bing,Telegram
telegram号码购买,Google,Telegram
telegram和telegramx有什么区别,Google,Telegram
telegram号,Google,Telegram
telegram号,Bing,Telegram
telegram缓存的文件在哪,Google,Telegram
telegram 鸿蒙 next,Google,Telegram
telegram号码,Google,Telegram
telegram 鸿蒙,Google,Telegram
telegram号购买,Google,Telegram
telegram会员有什么用,Google,Telegram
telegram汉化教程,Google,Telegram
telegram汉化教程,Bing,Telegram
telegram好用的搜索机器人,Google,Telegram
telegram 会员 购买,Google,Telegram
telegram换手机收不到验证码,Google,Telegram
telegram会员,Bing,Telegram
telegram会员代充,Bing,Telegram
telegram和telegram x区别,Bing,Telegram
telegram老版本,Google,Telegram
telegram老版本,Bing,Telegram
telegram历史版本,Google,Telegram
telegram历史版本,Bing,Telegram
telegram login,Google,Telegram
telegram login,Bing,Telegram
telegram 炼 铜 基地,Google,Telegram
telegram login api,Google,Telegram
telegram login api,Bing,Telegram
telegram老版本下载,Google,Telegram
telegram老版本下载,Bing,Telegram
telegram老版本安装包,Google,Telegram
telegram历史版本下载,Google,Telegram
telegram logo,Google,Telegram
telegram logo,Bing,Telegram
telegram两步验证,Google,Telegram
telegram链接点不开,Google,Telegram
telegram链接,Google,Telegram
telegram连接不上,Google,Telegram
telegram login api 接 码 系统,Google,Telegram
telegram login api 接码系统,Bing,Telegram
telegram messenger,Google,Telegram
telegram messenger,Bing,Telegram
telegram mac,Google,Telegram
telegram mac,Bing,Telegram
telegram messenger 下载,Google,Telegram
telegram买号,Google,Telegram
telegram media downloader,Google,Telegram
telegram media downloader,Bing,Telegram
telegram 美 区 无法 更新,Google,Telegram
telegram免费注册,Google,Telegram
telegram免登录,Google,Telegram
telegram没有中文,Google,Telegram
telegram mac 登录,Google,Telegram
telegram免费,Google,Telegram
telegram没有手机号怎么注册,Google,Telegram
telegram密码忘记,Google,Telegram
telegram模块,Google,Telegram
telegram免费版下载,Google,Telegram
telegram messenger下载,Bing,Telegram
telegram messenger官网,Bing,Telegram
telegram messenger是什么,Bing,Telegram
telegram messenger和telegram的区别,Bing,Telegram
telegram旧版本,Google,Telegram
telegram旧版本,Bing,Telegram
telegram机器人,Google,Telegram
telegram机器人,Bing,Telegram
telegram旧版本下载,Google,Telegram
telegram旧版本下载,Bing,Telegram
telegram接收不到验证码,Google,Telegram
telegram接收不到验证码,Bing,Telegram
telegram解除限制,Google,Telegram
telegram接码,Google,Telegram
telegram解封,Google,Telegram
telegram 解除 频道 限制,Google,Telegram
telegram加好友,Google,Telegram
telegram 禁止 转发 怎么 保存,Google,Telegram
telegram 机器人 推荐,Google,Telegram
telegram旧版本安卓,Google,Telegram
telegram简体中文,Google,Telegram
telegram教程,Google,Telegram
telegram教程,Bing,Telegram
telegram加群,Google,Telegram
telegram 极搜,Bing,Telegram
telegram加速器免费,Bing,Telegram
telegram接码网站,Bing,Telegram
telegram解除敏感内容限制,Bing,Telegram
telegram加速器电脑版,Bing,Telegram
telegram 接码,Bing,Telegram
telegram旧版本ios,Bing,Telegram
telegram ios,Google,Telegram
telegram ios,Bing,Telegram
telegram ios 安装 包,Google,Telegram
telegram ios 下载,Google,Telegram
telegram ios旧版本,Google,Telegram
telegram ios 中文,Google,Telegram
telegram iphone,Google,Telegram
telegram iphone,Bing,Telegram
telegram id,Google,Telegram
telegram id,Bing,Telegram
telegram ipad安装包,Google,Telegram
telegram ios 更新,Google,Telegram
telegram ipa安装包,Google,Telegram
telegram ipa安装包,Bing,Telegram
telegram icon,Google,Telegram
telegram icon,Bing,Telegram
telegram ime,Google,Telegram
telegram ime,Bing,Telegram
telegram ios下载,Bing,Telegram
telegram ios安装包,Bing,Telegram
telegram ipa下载,Bing,Telegram
telegram ios解除限制,Bing,Telegram
telegram能做什么,Google,Telegram
telegram 女生 群,Google,Telegram
telegram能用邮箱登录吗,Google,Telegram
telegram 哪个 版本 好 用,Google,Telegram
telegram 南京,Google,Telegram
telegram能用中国手机号注册吗,Google,Telegram
telegram能用中国手机号注册吗,Bing,Telegram
telegram哪个国家不收费,Google,Telegram
telegram哪些国家用的多,Google,Telegram
telegram宁波,Google,Telegram
telegram 内置 代理,Google,Telegram
telegram 内置 vpn,Google,Telegram
telegram nft,Google,Telegram
telegram nft,Bing,Telegram
telegram哪个国家的,Google,Telegram
telegram 年龄验证,Google,Telegram
telegram能用邮箱注册吗,Google,Telegram
telegram客服,Google,Telegram
telegram客服,Bing,Telegram
telegram开始收费了,Google,Telegram
telegram客户端,Google,Telegram
telegram客户端,Bing,Telegram
telegram 夸克,Google,Telegram
telegram开会员,Google,Telegram
telegram可以用邮箱注册吗,Google,Telegram
telegram看视频很慢,Google,Telegram
telegram 开源,Google,Telegram
telegram看不到内容,Google,Telegram
telegram 客服 机器人,Google,Telegram
telegram看电影,Google,Telegram
telegram开发者平台,Google,Telegram
telegram可以转账吗,Google,Telegram
telegram看视频卡,Google,Telegram
telegram可以用谷歌登录吗,Google,Telegram
telegram开盒,Bing,Telegram
telegram客户端下载,Bing,Telegram
telegram开户,Bing,Telegram
telegram 可以用 邮箱注册 吗,Bing,Telegram
telegram可以用中国号码注册吗,Bing,Telegram
telegram客服怎么联系,Bing,Telegram
telegram开户机器人,Bing,Telegram
telegram online,Google,Telegram
telegram online,Bing,Telegram
telegram old version,Google,Telegram
telegram old version,Bing,Telegram
telegram.org下载,Google,Telegram
telegram official,Google,Telegram
telegram official,Bing,Telegram
telegram on your other device,Google,Telegram
telegram on your other device,Bing,Telegram
telegram official website,Google,Telegram
telegram official website,Bing,Telegram
telegram other devices怎么解决,Bing,Telegram
telegram频道,Google,Telegram
telegram频道,Bing,Telegram
telegram频道推荐,Google,Telegram
telegram 频道 搜索,Google,Telegram
telegram premium,Google,Telegram
telegram premium,Bing,Telegram
telegram passkey,Google,Telegram
telegram passkey,Bing,Telegram
telegram pc,Google,Telegram
telegram pc,Bing,Telegram
telegram 批量下载,Google,Telegram
telegram苹果下载,Google,Telegram
telegram苹果手机怎么下载,Google,Telegram
telegram premium是什么,Google,Telegram
telegram proxy,Google,Telegram
telegram proxy,Bing,Telegram
telegram 频道 搜索 机器人,Google,Telegram
telegram proxy设置,Google,Telegram
telegram苹果安装包,Google,Telegram
telegram premium is required to proceed,Google,Telegram
telegram premium is required to proceed,Bing,Telegram
telegram pc版,Bing,Telegram
telegram register,Google,Telegram
telegram register,Bing,Telegram
telegram如何注册,Google,Telegram
telegram如何使用,Google,Telegram
telegram如何使用,Bing,Telegram
telegram如何用邮箱登录,Google,Telegram
telegram如何用邮箱登录,Bing,Telegram
telegram如何设置中文,Google,Telegram
telegram如何设置中文,Bing,Telegram
telegram如何加好友,Google,Telegram
telegram如何绑定邮箱,Google,Telegram
telegram如何汉化,Google,Telegram
telegram如何注销账号,Google,Telegram
telegram如何搜索频道,Google,Telegram
telegram如何登录,Google,Telegram
telegram如何添加好友,Google,Telegram
telegram如何注销,Google,Telegram
telegram如何注销,Bing,Telegram
telegram如何删除联系人,Google,Telegram
telegram如何扫码,Google,Telegram
telegram软件下载,Bing,Telegram
telegram软件下载电脑版,Bing,Telegram
telegram如何加入群组,Bing,Telegram
telegram vpn,Google,Telegram
telegram vpn,Bing,Telegram
telegram video 下载,Google,Telegram
telegram vietnam,Google,Telegram
telegram vietnam,Bing,Telegram
telegram vpn群,Google,Telegram
telegram vpn设置,Google,Telegram
telegram vs telegram x,Google,Telegram
telegram vs telegram x,Bing,Telegram
telegram vpn下载,Bing,Telegram
telegram搜索机器人,Google,Telegram
telegram sms fee,Google,Telegram
telegram sms fee,Bing,Telegram
telegram视频下载,Google,Telegram
telegram视频下载,Bing,Telegram
telegram收费,Google,Telegram
telegram收费,Bing,Telegram
telegram设置中文,Google,Telegram
telegram搜索引擎,Google,Telegram
telegram是什么,Google,Telegram
telegram是什么,Bing,Telegram
telegram sms fee是什么,Google,Telegram
telegram support,Google,Telegram
telegram support,Bing,Telegram
telegram收不到短信,Google,Telegram
telegram社工库,Google,Telegram
telegram 手机收不到验证码,Google,Telegram
telegram sms fee怎么解决,Bing,Telegram
telegram 收不到验证码,Bing,Telegram
telegram推荐,Google,Telegram
telegram图标,Google,Telegram
telegram图标,Bing,Telegram
telegram通行密钥,Google,Telegram
telegram图片下载,Google,Telegram
telegram 推荐频道,Google,Telegram
telegram提示sms fee,Google,Telegram
telegram 添加好友,Google,Telegram
telegram this email can't be used,Google,Telegram
telegram this email can't be used,Bing,Telegram
telegram图片,Google,Telegram
telegram图片,Bing,Telegram
telegram 头像,Google,Telegram
telegram替代,Google,Telegram
telegram telegram x 区别,Bing,Telegram
telegram 退出 后 怎么 登录,Bing,Telegram
telegram添加好友,Bing,Telegram
telegram群组,Google,Telegram
telegram群组,Bing,Telegram
telegram群,Google,Telegram
telegram群组推荐,Google,Telegram
telegram群组推荐,Bing,Telegram
telegram群搜索,Google,Telegram
telegram群组搜索,Google,Telegram
telegram群组搜索,Bing,Telegram
telegram群组查找,Google,Telegram
telegram群组机器人,Google,Telegram
telegram清除缓存,Google,Telegram
telegram全局搜索,Google,Telegram
telegram群组进不去,Google,Telegram
telegram钱包,Google,Telegram
telegram切换中文,Google,Telegram
telegram切换中文,Bing,Telegram
telegram 群 组 分享,Google,Telegram
telegram强制收费,Google,Telegram
telegram强制下载,Google,Telegram
telegram群聊,Bing,Telegram
telegram uu,Google,Telegram
telegram uu,Bing,Telegram
telegram uptodown,Google,Telegram
telegram uptodown,Bing,Telegram
telegram username not found,Google,Telegram
telegram username not found,Bing,Telegram
telegram update,Google,Telegram
telegram update,Bing,Telegram
telegram username not found 怎么 解决,Google,Telegram
telegram username,Google,Telegram
telegram username,Bing,Telegram
telegram unavailable,Google,Telegram
telegram unavailable,Bing,Telegram
telegram use proxy,Google,Telegram
telegram use proxy,Bing,Telegram
telegram ubuntu,Google,Telegram
telegram ubuntu,Bing,Telegram
telegram user id,Google,Telegram
telegram user id,Bing,Telegram
telegram uid 查询,Google,Telegram
telegram网页,Google,Telegram
telegram无法登录,Google,Telegram
telegram无法更新,Google,Telegram
telegram 无法收到验证码,Google,Telegram
telegram网页登陆,Google,Telegram
telegram windows,Google,Telegram
telegram windows,Bing,Telegram
telegram网页版怎么设置中文,Google,Telegram
telegram网站入口,Google,Telegram
telegram忘记密码,Google,Telegram
telegram网页版中文,Google,Telegram
telegram为什么要收费,Google,Telegram
telegram玩法,Google,Telegram
telegram网页注册,Google,Telegram
telegram web版,Bing,Telegram
telegram web网页版,Bing,Telegram
telegram网页版登录,Bing,Telegram
telegram网页版下载,Bing,Telegram
telegram 下载 安卓,Google,Telegram
telegram x apk 下载,Google,Telegram
telegram x安卓下载,Google,Telegram
telegram下载的文件在哪里,Google,Telegram
telegram x apk,Google,Telegram
telegram x apk,Bing,Telegram
telegram x ios,Google,Telegram
telegram x ios,Bing,Telegram
telegram 下载 安装 包,Google,Telegram
telegram 虚拟 手机 号,Google,Telegram
telegram x 下载 安卓,Google,Telegram
telegram x 网页 版,Google,Telegram
telegram下载视频,Google,Telegram
telegram下载器,Google,Telegram
telegram下载文件在哪里,Google,Telegram
telegram x网页版,Bing,Telegram
telegram x下载官网,Bing,Telegram
telegram x收不到验证码,Bing,Telegram
telegram x电脑版,Bing,Telegram
telegram下载官网中文版,Bing,Telegram
telegram x和telegram区别,Bing,Telegram
telegram邮箱登录,Google,Telegram
telegram邮箱登录,Bing,Telegram
telegram验证码,Google,Telegram
telegram验证码收不到,Google,Telegram
telegram验证码助手,Google,Telegram
telegram验证码助手,Bing,Telegram
telegram邮箱不可用,Google,Telegram
telegram要钱吗,Google,Telegram
telegram要收费,Google,Telegram
telegram英文搜索引擎,Google,Telegram
telegram隐藏手机号,Google,Telegram
telegram有什么用,Google,Telegram
telegram 邮箱,Google,Telegram
telegram要付费,Google,Telegram
telegram有网页版吗,Google,Telegram
telegram有网页版吗,Bing,Telegram
telegram验证码辅助工具,Google,Telegram
telegram用邮箱登录,Google,Telegram
telegram 约p,Bing,Telegram
telegram验证码接收不到,Bing,Telegram
telegram验证码发送到其他设备,Bing,Telegram
telegram邮箱注册,Bing,Telegram
telegram 一定要 手机 注册 吗,Bing,Telegram
telegram有电脑版吗,Bing,Telegram
telegram 验证码 发 到 其他设备,Bing,Telegram
telegram验证码发送到另一台设备,Bing,Telegram
telegram 与 telegram x,Bing,Telegram
telegram账号注册,Google,Telegram 账号
telegram账号注册,Bing,Telegram 账号
telegram账号被冻结,Google,Telegram 账号
telegram账号被冻结,Bing,Telegram 账号
telegram账号找回,Google,Telegram 账号
telegram账号找回,Bing,Telegram 账号
telegram账号注销,Google,Telegram 账号
telegram账号注销,Bing,Telegram 账号
telegram账号被封禁,Google,Telegram 账号
telegram账号被封禁,Bing,Telegram 账号
telegram账号冻结,Google,Telegram 账号
telegram账号冻结,Bing,Telegram 账号
telegram账号被冻结怎么办,Google,Telegram 账号
telegram账号被冻结怎么办,Bing,Telegram 账号
telegram账号自助下单,Google,Telegram 账号
telegram账号自助下单,Bing,Telegram 账号
telegram账号申诉,Google,Telegram 账号
telegram账号申诉,Bing,Telegram 账号
telegram账号免费,Google,Telegram 账号
telegram账号免费,Bing,Telegram 账号
telegram账号被盗,Google,Telegram 账号
telegram账号被盗,Bing,Telegram 账号
telegram账号怎么注册,Google,Telegram 账号
telegram账号怎么注册,Bing,Telegram 账号
telegram账号冻结怎么申诉,Google,Telegram 账号
telegram 账号购买,Bing,Telegram 账号
telegram 账号购买,Google,Telegram 账号
telegram账号共享,Bing,Telegram 账号
telegram账号共享,Google,Telegram 账号
telegram账号注册收不到短信,Bing,Telegram 账号
telegram中文版,Google,Telegram
telegram中文版,Bing,Telegram
telegram怎么注册,Google,Telegram
telegram怎么注册,Bing,Telegram
telegram注销,Google,Telegram
telegram注销,Bing,Telegram
telegram注册收不到验证码,Google,Telegram
telegram怎么搜索频道,Google,Telegram
telegram注册收费,Google,Telegram
telegram注册收费,Bing,Telegram
telegram注册教程,Google,Telegram
telegram中文包,Google,Telegram
telegram中文包,Bing,Telegram
telegram中文版下载,Google,Telegram
telegram怎么设置中文,Bing,Telegram
telegram注册收不到短信,Bing,Telegram
telegram注册官网,Bing,Telegram
telegram 账号 api,Google,Telegram 账号
telegram 账号 安全 中心,Google,Telegram 账号
telegram 账号 api 购买,Google,Telegram 账号
telegram 账号 安全,Google,Telegram 账号
telegram 账号 安全 提醒,Google,Telegram 账号
telegram账号安全,Bing,Telegram 账号
telegram 账号 自助 购买,Bing,Telegram 账号
telegram 账号 自助 购买,Google,Telegram 账号
telegram 账号 购买 便宜,Bing,Telegram 账号
telegram 账号 购买 便宜,Google,Telegram 账号
telegram账号被冻结怎么申诉,Google,Telegram 账号
telegram账号被冻结怎么申诉,Bing,Telegram 账号
telegram账号被删除,Google,Telegram 账号
telegram账号绑定邮箱,Google,Telegram 账号
telegram账号被封禁怎么办,Google,Telegram 账号
telegram账号被注销,Google,Telegram 账号
telegram账号被限制,Google,Telegram 账号
telegram账号被限制,Bing,Telegram 账号
telegram账号被ban,Google,Telegram 账号
telegram账号被ban,Bing,Telegram 账号
telegram 账号 被 清空,Google,Telegram 账号
telegram账号被冻结的原因,Google,Telegram 账号
telegram账号被盗了怎么办,Google,Telegram 账号
telegram账号被盗怎么找回,Bing,Telegram 账号
telegram账号被封了怎么办,Bing,Telegram 账号
telegram 账号banned,Bing,Telegram 账号
telegram账号绑定,Bing,Telegram 账号
telegram账号被冻结了,Bing,Telegram 账号
telegram账号查询,Google,Telegram 账号
telegram账号重置,Google,Telegram 账号
telegram账号重置,Bing,Telegram 账号
telegram账号出售平台,Bing,Telegram 账号
telegram账号出售交易,Bing,Telegram 账号
telegram账号出售价格,Bing,Telegram 账号
telegram账号出售哪里有,Bing,Telegram 账号
telegram账号出售安全吗,Bing,Telegram 账号
telegram账号出售怎么买,Bing,Telegram 账号
telegram账号出售注意事项,Bing,Telegram 账号
telegram账号出售质量如何,Bing,Telegram 账号
telegram账号出售有什么好处,Bing,Telegram 账号
telegram账号出售有什么风险,Bing,Telegram 账号
telegram账号出售网,Bing,Telegram 账号
telegram账号登录,Google,Telegram 账号
telegram账号丢失,Google,Telegram 账号
telegram账号丢失,Bing,Telegram 账号
telegram账号登不上,Google,Telegram 账号
telegram账号冻结怎么办,Google,Telegram 账号
telegram账号冻结怎么办,Bing,Telegram 账号
telegram账号登录不上,Bing,Telegram 账号
telegram账号登陆,Bing,Telegram 账号
telegram账号弹出sms fee,Bing,Telegram 账号
telegram账号冻结申诉,Bing,Telegram 账号
telegram账号代注册,Bing,Telegram 账号
telegram账号多久不登录自动删除,Bing,Telegram 账号
telegram账号大全,Bing,Telegram 账号
telegram账号掉了,Bing,Telegram 账号
telegram 账号 分享,Google,Telegram 账号
telegram账号封禁,Google,Telegram 账号
telegram账号封禁,Bing,Telegram 账号
telegram 账号 frozen,Google,Telegram 账号
telegram账号被封,Google,Telegram 账号
telegram账号分享,Bing,Telegram 账号
telegram账号分享2024,Bing,Telegram 账号
telegram账号发卡,Bing,Telegram 账号
telegram账号封禁怎么办,Bing,Telegram 账号
telegram 永久 账号 购买,Google,Telegram 账号
telegram 账号注册,Google,Telegram 账号
telegram 账号 忘记,Google,Telegram 账号
telegram 账号 注册 教程,Google,Telegram 账号
telegram 账号 2 元,Google,Telegram 账号
telegram账号商店,Bing,Telegram 账号
telegram 账号 购买 平台,Bing,Telegram 账号
telegram 账号 接 码,Google,Telegram 账号
telegram账号教程,Google,Telegram 账号
telegram账号解封,Bing,Telegram 账号
telegram账号解冻,Bing,Telegram 账号
telegram账号交易,Bing,Telegram 账号
telegram账号检测,Bing,Telegram 账号
telegram账号接码,Bing,Telegram 账号
telegram账号解除限制,Bing,Telegram 账号
telegram账号接码平台,Bing,Telegram 账号
telegram 账号 购买 平台 推荐,Google,Telegram 账号
telegram 账号 购买 香港,Google,Telegram 账号
telegram账号管理,Google,Telegram 账号
telegram 账号 购买 淘 号 么,Google,Telegram 账号
telegram 账号 购买 老 号,Google,Telegram 账号
telegram 账号 购买 支付宝,Google,Telegram 账号
telegram 账号 github,Google,Telegram 账号
telegram 账号 合并,Google,Telegram 账号
telegram 账号 购买 github,Google,Telegram 账号
telegram 账号 养 号,Google,Telegram 账号
telegram 多 账号 群发,Google,Telegram 账号
telegram外国账号,Google,Telegram 账号
telegram账号购买平台推荐,Bing,Telegram 账号
telegram账号更换,Bing,Telegram 账号
telegram账号购买方法,Bing,Telegram 账号
telegram账号购买流程,Bing,Telegram 账号
telegram账号购买渠道,Bing,Telegram 账号
telegram账号购买网站,Bing,Telegram 账号
telegram账号购买评价,Bing,Telegram 账号
telegram账号恢复,Bing,Telegram 账号
telegram账号获取,Bing,Telegram 账号
telegram账号会自动注销吗,Bing,Telegram 账号
telegram账号可以注销吗,Google,Telegram 账号
telegram 账号 共享,Google,Telegram 账号
telegram 账号 限制,Google,Telegram 账号
telegram 账号 管理,Google,Telegram 账号
telegram 账号 回收,Google,Telegram 账号
telegram 账号 交易 平台,Google,Telegram 账号
telegram 账号 解除 限制,Google,Telegram 账号
telegram 账号 清空,Google,Telegram 账号
telegram 账号 找 回,Google,Telegram 账号
telegram 公共 账号,Google,Telegram 账号
telegram 官方 账号 购买,Google,Telegram 账号
telegram 官方 账号,Google,Telegram 账号
telegram 账号 被 限制,Google,Telegram 账号
telegram 海外 账号,Google,Telegram 账号
telegram账号卡网,Bing,Telegram 账号
telegram 账号 如何 注销,Google,Telegram 账号
telegram 账号 如何 注册,Google,Telegram 账号
telegram 账号 如何 找 回,Google,Telegram 账号
telegram 账号 id,Google,Telegram 账号
telegram 账号 如何 删除,Google,Telegram 账号
telegram 账号 如何 解 封,Google,Telegram 账号
telegram 注销 账号 入口,Google,Telegram 账号
telegram 账号 登 出,Google,Telegram 账号
telegram 账号 如何 使用,Google,Telegram 账号
telegram 注册 ip,Google,Telegram 账号
tg 账号 id,Google,Telegram 账号
telegram账号id,Bing,Telegram 账号
telegram账号没了,Google,Telegram 账号
telegram账号没了,Bing,Telegram 账号
telegram 账号密码 购买,Google,Telegram 账号
telegram 账号 密码 大全,Google,Telegram 账号
telegram 开发 者 账号 购买,Google,Telegram 账号
telegram 免费 账号 分享,Google,Telegram 账号
telegram 开发 者 账号,Google,Telegram 账号
telegram账号怎么看,Google,Telegram 账号
telegram 对方账号目前存在限制,Google,Telegram 账号
telegram 账号 购买 mac,Google,Telegram 账号
telegram 账号 忘记 密码,Google,Telegram 账号
telegram 如何 用 账号 密码 登录,Google,Telegram 账号
telegram messenger 账号,Google,Telegram 账号
telegram免账号,Google,Telegram 账号
telegram账号密码登录,Bing,Telegram 账号
telegram账号密码如何保护,Bing,Telegram 账号
telegram账号密码如何修改,Bing,Telegram 账号
telegram账号密码如何同步,Bing,Telegram 账号
telegram账号密码如何备份,Bing,Telegram 账号
telegram账号密码如何导出,Bing,Telegram 账号
telegram账号密码如何解锁,Bing,Telegram 账号
telegram账号密码如何设置,Bing,Telegram 账号
telegram账号密码如何重置,Bing,Telegram 账号
telegram账号买,Bing,Telegram 账号
telegram账号链接,Google,Telegram 账号
telegram 账号,Google,Telegram 账号
telegram账号平台,Google,Telegram 账号
telegram账号平台,Bing,Telegram 账号
telegram 账号 被 封 了,Google,Telegram 账号
telegram账号批发,Bing,Telegram 账号
telegram账号批发购买,Bing,Telegram 账号
telegram账号迁移,Google,Telegram 账号
telegram账号迁移,Bing,Telegram 账号
telegram账号如何注册,Google,Telegram 账号
telegram账号如何注册,Bing,Telegram 账号
telegram账号如何找回,Google,Telegram 账号
telegram账号如何找回,Bing,Telegram 账号
telegram账号如何注销,Google,Telegram 账号
telegram账号如何注销,Bing,Telegram 账号
telegram 账号 reset,Google,Telegram 账号
telegram 注销 账号 流程,Google,Telegram 账号
telegram 账号 没 了,Google,Telegram 账号
telegram注册账号流程,Google,Telegram 账号
telegram 苹果 账号,Google,Telegram 账号
telegram 账号 忘 了,Google,Telegram 账号
telegram 账号 掉 了,Google,Telegram 账号
telegram 账号 消失 了,Google,Telegram 账号
telegram账号哪里买,Google,Telegram 账号
telegram账号哪里买,Bing,Telegram 账号
telegram 账号 重 置,Google,Telegram 账号
telegram账号收不到验证码,Google,Telegram 账号
telegram账号收不到验证码,Bing,Telegram 账号
telegram 账号 收费,Google,Telegram 账号
telegram 账号 多 开,Google,Telegram 账号
telegram 多 账号 登录,Google,Telegram 账号
telegram 账号 被 重 置,Google,Telegram 账号
telegram 重 置 账号 会 怎样,Google,Telegram 账号
telegram 多 账号 管理,Google,Telegram 账号
telegram 账号 注册 收费,Google,Telegram 账号
telegram 取消 账号 重 置,Google,Telegram 账号
telegram 公开 账号,Google,Telegram 账号
ios telegram 多账号,Google,Telegram 账号
注册telegram账号收不到验证码,Google,Telegram 账号
抖 音 账号 telegram,Google,Telegram 账号
telegram账号申请,Google,Telegram 账号
telegram账号申请,Bing,Telegram 账号
telegram账号死亡,Google,Telegram 账号
telegram账号删除,Google,Telegram 账号
telegram账号删除,Bing,Telegram 账号
telegram账号是什么,Google,Telegram 账号
telegram账号收费,Google,Telegram 账号
telegram账号收费,Bing,Telegram 账号
telegram 账号 消失,Google,Telegram 账号
telegram 账号 下载,Google,Telegram 账号
telegram 账号 商店,Google,Telegram 账号
telegram 账号 租借,Google,Telegram 账号
telegram 账号 切换,Google,Telegram 账号
telegram 账号 使用,Google,Telegram 账号
telegram账号数据,Google,Telegram 账号
telegram 账号死亡,Bing,Telegram 账号
telegram 账号是什么,Bing,Telegram 账号
telegram账号售卖,Bing,Telegram 账号
telegram账号生成器,Bing,Telegram 账号
telegram账号是哪个,Bing,Telegram 账号
telegram账号删除页面,Bing,Telegram 账号
telegram 虚拟 账号,Google,Telegram 账号
telegram 排查 虚拟 账号,Google,Telegram 账号
telegram 账号 突然 没 了,Google,Telegram 账号
telegram 账号 注册,Google,Telegram 账号
telegram 账号 注销,Google,Telegram 账号
telegram 账号 注销 方法,Google,Telegram 账号
telegram 账号 注册 时间,Google,Telegram 账号
telegram 账号 登 不 上,Google,Telegram 账号
telegram 账号 注册 时间 查询,Google,Telegram 账号
telegram 账号 多少 钱,Google,Telegram 账号
telegram 账号 注销 页面,Google,Telegram 账号
telegram账号突然被删除,Google,Telegram 账号
telegram 账号 中国,Google,Telegram 账号
telegram 账号 登入,Google,Telegram 账号
telegram账号突然没了,Bing,Telegram 账号
telegram账号突然被销号,Bing,Telegram 账号
telegram账号tdata,Bing,Telegram 账号
telegram账号退出,Bing,Telegram 账号
telegram 账号 共享 2023,Google,Telegram 账号
telegram 账号 购,Google,Telegram 账号
telegram账号无法登录,Google,Telegram 账号
telegram账号无法登录,Bing,Telegram 账号
telegram账号忘了,Google,Telegram 账号
telegram x 和 telegram 账号 互通 吗,Google,Telegram 账号
telegram 私密 账号,Google,Telegram 账号
telegram 账号 文件,Google,Telegram 账号
telegram账号为什么会被封禁,Bing,Telegram 账号
telegram账号忘记了,Bing,Telegram 账号
telegram账号文件,Bing,Telegram 账号
telegram账号验证码,Google,Telegram 账号
telegram账号验证码,Bing,Telegram 账号
telegram账号养号,Google,Telegram 账号
telegram账号异常,Google,Telegram 账号
telegram 账号 异常 警告,Google,Telegram 账号
telegram 用 谷歌 账号 登录,Google,Telegram 账号
telegram 美 区 账号 购买,Google,Telegram 账号
telegram 已 有 账号 登录,Google,Telegram 账号
telegram 账号停用,Google,Telegram 账号
telegram 怎么 用 账号 登录,Google,Telegram 账号
telegram 已 有 账号,Google,Telegram 账号
telegram已有账号如何登录,Google,Telegram 账号
查 无 telegram 账号 用户 名,Google,Telegram 账号
购买 的 telegram 账号 怎么 用,Google,Telegram 账号
telegram账号验证,Bing,Telegram 账号
telegram账号永久购买,Bing,Telegram 账号
telegram 账号异常,Bing,Telegram 账号
telegram账号邮箱,Bing,Telegram 账号
telegram账号邮箱注册,Bing,Telegram 账号
telegram账号已被冻结,Bing,Telegram 账号
telegram账号有什么用,Bing,Telegram 账号
telegram购买账号,Google,Telegram 购买
telegram购买账号,Bing,Telegram 购买
telegram购买平台,Google,Telegram 购买
telegram购买平台,Bing,Telegram 购买
telegram购买会员,Google,Telegram 购买
telegram购买用户名,Google,Telegram 购买
telegram 购买星星,Google,Telegram 购买
telegram购买的账号怎么登陆,Google,Telegram 购买
telegram购买的账号怎么登陆,Bing,Telegram 购买
购买telegram,Google,Telegram 购买
购买telegram账号,Google,Telegram 购买
购买telegram premium,Google,Telegram 购买
telegram购买贴纸,Bing,Telegram 购买
telegram购买广告,Bing,Telegram 购买
telegram购买主题,Bing,Telegram 购买
telegram购买代理,Bing,Telegram 购买
telegram购买流量,Bing,Telegram 购买
telegram购买渠道,Bing,Telegram 购买
telegram购买广告位,Bing,Telegram 购买
telegram购买加密货币,Bing,Telegram 购买
telegram账号限制,Google,Telegram 账号
telegram x 账号 购买,Google,Telegram 账号
telegram x 重 置 账号,Google,Telegram 账号
telegram x 账号 注册,Google,Telegram 账号
telegram x 注销 账号,Google,Telegram 账号
telegram账号消失,Bing,Telegram 账号
telegram账号下载,Bing,Telegram 账号
telegram账号显示已被封禁,Bing,Telegram 账号
telegram账号修改,Bing,Telegram 账号
telegram账号需要什么,Bing,Telegram 账号
telegram账号怎么找回,Google,Telegram 账号
telegram账号注册时间,Google,Telegram 账号
telegram账号自动注销,Google,Telegram 账号
telegram账号在哪里看,Google,Telegram 账号
telegram账号自动退出,Google,Telegram 账号
telegram账号注册收费,Google,Telegram 账号
telegram账号怎么查看,Google,Telegram 账号
telegram账号注册要钱,Google,Telegram 账号
telegram账号怎么注销,Bing,Telegram 账号
telegram账号注册教程,Bing,Telegram 账号
telegram 账号 转移,Bing,Telegram 账号
telegram 购买,Google,Telegram 购买
telegram 购买 现成 账号,Google,Telegram 购买
telegram购买现成账户,Google,Telegram 购买
telegram高级版购买,Bing,Telegram 购买
telegram会员购买,Bing,Telegram 购买
telegram星星购买,Bing,Telegram 购买
telegram premium购买,Bing,Telegram 购买
telegram虚拟号码购买,Bing,Telegram 购买
sms购买的现成telegram账户怎么用,Bing,Telegram 购买
微 信号 购买 telegram,Google,Telegram 购买
微信 购买 telegram,Google,Telegram 购买
美国 telegram 购买,Google,Telegram 购买
telegram 购买会员,Bing,Telegram 购买
telegram 代理 购买,Google,Telegram 购买
telegram购买成品账号,Bing,Telegram 购买
telegram购买账号登录,Bing,Telegram 购买
telegram 购买 号,Google,Telegram 购买
telegram 号码 购买,Google,Telegram 购买
telegram 虚拟 号码 购买,Google,Telegram 购买
telegram 手机 号 购买,Google,Telegram 购买
telegram 成品 号 购买,Google,Telegram 购买
telegram 老 号 购买,Google,Telegram 购买
telegram 小 号 购买,Google,Telegram 购买
telegram 邮箱 号 购买,Google,Telegram 购买
telegram 群 组 购买,Google,Telegram 购买
telegram 老 群 购买,Google,Telegram 购买
telegram 飞机 号 购买,Google,Telegram 购买
telegram 新 号 购买,Google,Telegram 购买
qq 号 购买 telegram,Google,Telegram 购买
google voice 购买 telegram,Google,Telegram 购买
telegram 购买 平台,Google,Telegram 购买
telegram 购买 星星,Google,Telegram 购买
telegram 购买 星 币,Google,Telegram 购买
telegram 怎么 购买 星星,Google,Telegram 购买
telegram 账号 购买 低 价,Google,Telegram 购买
telegram api hash 购买,Google,Telegram 购买
telegram 无法 购买 星星,Google,Telegram 购买
购买的telegram账号怎么用,Bing,Telegram 购买
telegram购买礼物,Bing,Telegram 购买
telegram nft 购买,Google,Telegram 购买
telegram 购买 会员,Google,Telegram 购买
telegram 购买 粉丝,Google,Telegram 购买
telegram 频道 粉丝 购买,Google,Telegram 购买
telegram api key 购买,Google,Telegram 购买
telegram 你 的 购买 无法 完成,Google,Telegram 购买
telegram 国内 账号 购买,Google,Telegram 购买
ton 购买 telegram 会员,Google,Telegram 购买
telegram 开发 者 购买,Google,Telegram 购买
telegram 账号 购买 2 元,Google,Telegram 购买
telegram premium 无法 购买,Google,Telegram 购买
telegram premium 怎么 购买,Google,Telegram 购买
telegram premium 强制 购买,Google,Telegram 购买
telegram购买平台不要邮箱,Bing,Telegram 购买
telegram 礼物 购买,Google,Telegram 购买
telegram 老 频道 购买,Google,Telegram 购买
telegram 怎么 购买 礼物,Google,Telegram 购买
telegram 购买 star,Google,Telegram 购买
telegram stars 购买,Google,Telegram 购买
telegram session 购买,Google,Telegram 购买
telegram stars 怎么购买,Google,Telegram 购买
telegram 助 推 购买,Google,Telegram 购买
sms activate 购买 telegram 账号,Google,Telegram 购买
sms 购买 telegram,Google,Telegram 购买
sms 购买 telegram 账号,Google,Telegram 购买
sms activate 购买 telegram 成品 账号,Google,Telegram 购买
telegram 购买 的 账号 怎么 登陆,Google,Telegram 购买
telegram 购买 的 协议 号 session json 怎么 登录,Google,Telegram 购买
telegram 购买 手机,Google,Telegram 购买
telegram 购买 手机 号,Google,Telegram 购买
telegram tdata 账号 购买,Google,Telegram 购买
telegram 手机 账号 购买,Google,Telegram 购买
telegram注册购买,Google,Telegram 购买
telegram channel 购买,Google,Telegram 购买
telegram 手机 号码 购买,Google,Telegram 购买
telegram匿名号码购买,Google,Telegram 购买
购买 的 telegram 账号,Google,Telegram 购买
telegram 购买 usdt,Google,Telegram 购买
telegram username 购买,Google,Telegram 购买
telegram 怎么 购买 usdt,Google,Telegram 购买
telegram 买 usdt,Google,Telegram 购买
telegram 自助 购买,Google,Telegram 购买
telegram 在线 购买,Google,Telegram 购买
telegram账号在线购买,Google,Telegram 购买
telegram 需要购买,Google,Telegram 购买
电报安卓下载,Google,电报
电报安卓下载,Bing,电报
电报app,Google,电报
电报app,Bing,电报
电报app下载,Google,电报
电报app下载,Bing,电报
电报安装包,Google,电报
电报安装包,Bing,电报
电报apk,Google,电报
电报apk,Bing,电报
电报app怎么设置中文,Google,电报
电报app怎么设置中文,Bing,电报
电报安卓版,Google,电报
电报安全吗,Google,电报
电报安卓,Google,电报
电报安装,Google,电报
电报 api 账号购买,Google,电报
电报ai群,Google,电报
电报ai聊天机器人,Google,电报
电报api申请,Google,电报
电报ai,Google,电报
电报app官网入口,Bing,电报
电报安卓版下载,Bing,电报
电报app官网下载中文版,Bing,电报
电报apk下载,Bing,电报
电报api,Bing,电报
电报app中文版下载安卓,Bing,电报
电报网页版,Google,电报
电报网页版,Bing,电报
电报下载,Google,电报
电报下载,Bing,电报
电报搜索,Google,电报
电报搜索,Bing,电报
电报注册,Google,电报
电报注册,Bing,电报
电报搜索机器人,Google,电报
电报搜索机器人,Bing,电报
电报怎么设置中文,Google,电报
电报怎么设置中文,Bing,电报
电报账号购买,Google,电报
电报中文,Google,电报
电报中文,Bing,电报
电报收不到验证码,Google,电报
电报收不到验证码,Bing,电报
电报账号,Google,电报
电报账号,Bing,电报
电报群搜索,Google,电报
电报群搜索,Bing,电报
电报官网,Google,电报
电报官网,Bing,电报
电报登录,Google,电报
电报登录,Bing,电报
电报中文版,Google,电报
电报中文版,Bing,电报
电报中文语言包,Google,电报
电报,Bing,电报
电报群,Bing,电报
电报码,Bing,电报
电报码,Google,电报
电报网页版登陆,Bing,电报
电报被封了怎么解封,Google,电报
电报被封了怎么解封,Bing,电报
电报被冻结,Google,电报
电报被冻结,Bing,电报
电报被限制发消息,Google,电报
电报被冻结了怎么解封,Google,电报
电报绑定邮箱,Google,电报
电报绑定邮箱,Bing,电报
电报保存的视频找不到,Google,电报
电报表情包,Google,电报
电报表情包,Bing,电报
电报bot,Google,电报
电报被封禁,Google,电报
电报被冻结怎么申诉,Google,电报
电报保存视频,Google,电报
电报被盗怎么找回,Google,电报
电报壁纸,Google,电报
电报被封,Google,电报
电报被限制怎么解除,Google,电报
电脑壁纸,Bing,电报
电报被限制无法主动发起私聊,Bing,电报
电报吧,Bing,电报
电报保存的视频在哪,Bing,电报
电报编码,Bing,电报
电报保存视频相册里没有,Bing,电报
电报版本大全,Bing,电报
电报不能私聊,Bing,电报
电报登录收不到验证码,Google,电报
电报登录收不到验证码,Bing,电报
电报电脑版,Google,电报
电报电脑版,Bing,电报
电报登不上,Google,电报
电报登录收费,Google,电报
电报登录收费,Bing,电报
电报短信费,Google,电报
电报登陆收不到验证码,Google,电报
电报登录要收费,Google,电报
电报代理,Google,电报
电报代理,Bing,电报
电报代码,Google,电报
电报第三方客户端,Google,电报
电报登录sms fee,Google,电报
电报登不上去,Google,电报
电报登录要钱,Google,电报
电报登录要钱,Bing,电报
电报第三方,Google,电报
电报电子女友,Bing,电报
电报导航,Bing,电报
电报电脑版下载,Bing,电报
电报短信验证码收不到,Bing,电报
电报代理节点 每日更新,Bing,电报
电报登录验证码发到其他设备,Bing,电报
电报创始人,Google,电报
电报创始人,Bing,电报
电报成品号,Google,电报
电报成品号,Bing,电报
电报测试版,Google,电报
电报充值,Google,电报
电报创始人被抓,Google,电报
电报出现sms fee,Google,电报
电报除了极搜还有什么,Google,电报
电报车队,Google,电报
电报创建机器人,Google,电报
电报抽奖机器人,Google,电报
电报成品号购买,Google,电报
电报成都,Google,电报
电报查询,Google,电报
电报超级群组,Google,电报
电报此频道不可用,Google,电报
电报创始人承诺其子女可继承遗产,Bing,电报
电报吃瓜群,Bing,电报
电报成人群组推荐,Bing,电报
电报创始人被捕,Bing,电报
电报查询个人信息,Bing,电报
电报超级搜索,Bing,电报
电报cj圈里暗号是啥,Bing,电报
电报尝试次数过多请稍后再试,Bing,电报
电报 ckdh2048,Bing,电报
电报 channel group,Bing,电报
电报email not allowed,Google,电报
电报email_not_allowed,Google,电报
电报二级密码忘记了怎么办,Google,电报
电报二次验证,Google,电报
电报二维码,Google,电报
电报emoji,Google,电报
电报emoji制作,Google,电报
电报二维码登录,Google,电报
电报二级密码,Google,电报
电报enter code,Google,电报
电报二维码怎么加好友,Google,电报
电报 email not allowed,Bing,电报
电报二维码怎么扫,Bing,电报
电报exe,Bing,电报
电报俄罗斯,Bing,电报
电报 emoji,Bing,电报
电报 esim 卡 推荐 91sim 小白卡,Bing,电报
电报哦,Bing,电报
电报emoji下载,Bing,电报
电报error400,Bing,电报
电报二维码扫不上,Bing,电报
电报enter code收不到,Bing,电报
电报二级密码忘记了,Bing,电报
电报购买,Google,电报
电报购买,Bing,电报
电报改中文,Google,电报
电报改中文,Bing,电报
电报官网下载,Google,电报
电报官网下载,Bing,电报
电报更换手机号,Google,电报
电报更新,Google,电报
电报官网登录,Google,电报
电报广告,Google,电报
电报高级版下载,Google,电报
电报更新不了,Google,电报
电报工兵什么意思,Google,电报
电报 github,Google,电报
电报刚注册就被冻结,Google,电报
电报国外搜索机器人,Google,电报
电报国内手机号收不到验证码,Google,电报
电报国内手机号收不到验证码,Bing,电报
电报官网网址,Bing,电报
电报官网网页版,Bing,电报
电报官方下载,Bing,电报
电报格式,Bing,电报
电报挂号是什么,Bing,电报
电报官方网站,Bing,电报
电报官网下载电脑版,Bing,电报
电报付费,Google,电报
电报附近的人,Google,电报
电报发不了消息,Google,电报
电报繁体中文,Google,电报
电报方程,Google,电报
电报方程,Bing,电报
电报翻译中文,Google,电报
电报封号,Google,电报
电报分享,Google,电报
电报附近的人功能没有了,Google,电报
电报翻译机器人,Google,电报
电报发明时间,Google,电报
电报发明时间,Bing,电报
电报飞机,Google,电报
电报飞机,Bing,电报
电报封群,Google,电报
电报费,Google,电报
电报费,Bing,电报
电报飞机群,Google,电报
电报翻译,Bing,电报
电报费是什么,Bing,电报
电报附近的人不见了,Bing,电报
电报翻译插件,Bing,电报
电报 fun,Bing,电报
电报发送验证码到其他设备,Bing,电报
电报飞机下载,Bing,电报
电报发明者,Bing,电报
电报机器人,Google,电报
电报机器人,Bing,电报
电报解除限制,Google,电报
电报解除限制,Bing,电报
电报接码,Google,电报
电报接码,Bing,电报
电报旧版本,Google,电报
电报旧版本,Bing,电报
电报接收不到验证码,Google,电报
电报接收不到验证码,Bing,电报
电报极搜机器人,Google,电报
电报旧版本下载,Google,电报
电报旧版本下载,Bing,电报
电报加群,Google,电报
电报机器人搜索,Google,电报
电报机器人搜索,Bing,电报
电报解除双向,Google,电报
电报教程,Google,电报
电报解封,Google,电报
电报加好友,Google,电报
电报解除敏感限制,Google,电报
电报简体中文,Google,电报
电报机,Bing,电报
电报极搜,Bing,电报
电报加速器,Bing,电报
电报机图片,Bing,电报
电报解除敏感内容,Bing,电报
电报老版本,Google,电报
电报老版本,Bing,电报
电报链接,Google,电报
电报链接,Bing,电报
电报链接无法跳转,Google,电报
电报链接无法跳转,Bing,电报
电报聊天群,Google,电报
电报链接下载,Google,电报
电报链接下载,Bing,电报
电报两步验证,Google,电报
电报聊天记录恢复,Google,电报
电报连接不上,Google,电报
电报logo,Google,电报
电报logo,Bing,电报
电报聊天记录搜索,Google,电报
电报链接格式,Google,电报
电报论坛,Google,电报
电报论坛,Bing,电报
电报聊天,Google,电报
电报链接怎么用,Google,电报
电报连不上,Google,电报
电报历史版本,Bing,电报
电报老版本下载,Bing,电报
电报蛉,Bing,电报
电报老司机,Bing,电报
电报 ld4346,Bing,电报
电报 last seen recently,Bing,电报
电报号,Google,电报
电报号,Bing,电报
电报号购买,Google,电报
电报号购买,Bing,电报
电报汉化,Google,电报
电报汉化,Bing,电报
电报汉化包,Google,电报
电报汉化包,Bing,电报
电报会员有什么用,Google,电报
电报号码购买,Google,电报
电报号码购买,Bing,电报
电报会员怎么购买,Google,电报
电报好用的搜索引擎,Google,电报
电报缓存文件位置,Google,电报
电报号码,Google,电报
电报会员购买,Google,电报
电报会员多少钱,Google,电报
电报汉化补丁,Google,电报
电报会员图标怎么做,Google,电报
电报hub,Google,电报
电报会员,Bing,电报
电报猴,Bing,电报
电报号是什么,Bing,电报
电报会员代充,Bing,电报
电报缓存的视频在哪,Bing,电报
电报汉化教程,Bing,电报
电报缓存的视频在哪个文件夹,Bing,电报
电报ios,Google,电报
电报id,Google,电报
电报id查询,Google,电报
电报ios解除限制,Google,电报
电报ios解除限制,Bing,电报
电报ipa,Google,电报
电报ipa,Bing,电报
电报ios安装包,Google,电报
电报ios安装包,Bing,电报
电报 ios 中文,Google,电报
电报ios版本,Google,电报
电报iphone,Google,电报
电报ios限制,Google,电报
电报ios下载,Bing,电报
电报id怎么看,Bing,电报
电报ime,Bing,电报
电报ipa下载,Bing,电报
电报ios中文,Bing,电报
电报id购买,Bing,电报
电报ios汉化,Bing,电报
电报ios端无法查看群组,Bing,电报
电报客服,Google,电报
电报客服,Bing,电报
电报快搜,Google,电报
电报客服怎么联系,Google,电报
电报客户端,Google,电报
电报客户端,Bing,电报
电报开始收费了吗,Google,电报
电报可以用中国手机号注册吗,Google,电报
电报看视频很卡,Google,电报
电报可以用邮箱注册吗,Google,电报
电报可以用邮箱注册吗,Bing,电报
电报看视频自动下载,Google,电报
电报开始收费了,Google,电报
电报看视频卡,Google,电报
电报客服机器人,Google,电报
电报快捷键,Google,电报
电报快捷键,Bing,电报
电报看视频,Google,电报
电报可以干什么,Google,电报
电报开盒,Bing,电报
电报开户,Bing,电报
电报开车群,Bing,电报
电报可以用邮箱登录吗,Bing,电报
电报看片,Bing,电报
电报开盒机器人,Bing,电报
电报开户机器人,Bing,电报
电报码查询,Google,电报
电报码查询,Bing,电报
电报码 美国签证,Google,电报
电报免费账号,Google,电报
电报没有中文,Google,电报
电报免费代理,Google,电报
电报免费代理,Bing,电报
电报免费,Google,电报
电报买枪,Google,电报
电报模块,Google,电报
电报敏感设置,Google,电报
电报密码找回,Google,电报
电报名片,Google,电报
电报名,Google,电报
电报敏感内容设置,Google,电报
电报敏感内容设置,Bing,电报
电报密码,Google,电报
电报密码,Bing,电报
电报码转换,Bing,电报
电报模拟器,Bing,电报
电报码输入法,Bing,电报
电报码对照表,Bing,电报
电报没有中文吗,Bing,电报
电报密码对照表,Bing,电报
电报 mqfuli,Bing,电报
电报频道,Google,电报
电报频道,Bing,电报
电报频道搜索,Google,电报
电报频道搜索,Bing,电报
电报频道推荐,Google,电报
电报频道推荐,Bing,电报
电报pc,Google,电报
电报苹果下载,Google,电报
电报苹果下载,Bing,电报
电报频道无法显示,Google,电报
电报频道无法显示,Bing,电报
电报频道被封,Google,电报
电报批发,Google,电报
电报苹果限制解除,Google,电报
电报pc版,Google,电报
电报pc版,Bing,电报
电报频道进不去,Google,电报
电报频道怎么开启评论,Google,电报
电报频道机器人,Google,电报
电报passkey,Google,电报
电报骗局,Google,电报
电报pc端,Bing,电报
电报破解版,Bing,电报
电报pc怎么设置中文,Bing,电报
电报pc端汉化,Bing,电报
电报pc中文补丁,Bing,电报
电报pc端怎么设置中文,Bing,电报
电报能用邮箱登录吗,Google,电报
电报能用邮箱登录吗,Bing,电报
电报年龄验证,Google,电报
电报您的账号已被冻结,Google,电报
电报nft,Google,电报
电报内容下载,Google,电报
电报能看到手机号吗,Google,电报
电报not available,Google,电报
电报能用谷歌注册吗,Google,电报
电报能设置中文吗,Google,电报
电报能设置中文吗,Bing,电报
电报哪个国家使用最多,Google,电报
电报能用中国手机号注册吗,Google,电报
电报能干什么,Google,电报
电报能用中国手机号吗,Bing,电报
电报能不能发汉字,Bing,电报
电报net,Bing,电报
电报女友,Bing,电报
电报内容是什么,Bing,电报
电报哪年发明的,Bing,电报
电报能干嘛,Bing,电报
电报内容限制,Bing,电报
电报内置代理,Bing,电报
电报能用邮箱注册吗,Bing,电报
电报 收 不 到 验证 码,Google,电报
电报 收 不 到 短信 验证 码,Google,电报
电报 收 不 到 短信,Google,电报
电报 收 不 到 手机 验证 码,Google,电报
电报 收 不 到 86 短信 验证 怎么 办,Google,电报
电报 收 不 到 86 短信 验证 怎么 登陆,Google,电报
电报 收 不 到 验证 码 怎么 解决,Google,电报
电报 收 不 到 验证 短信,Google,电报
电报 收 不 到 86 短信 验证,Google,电报
电报 多 开,Google,电报
电报 收 不 到 验证 码 怎么 登录,Google,电报
电报 收 不 到 验证 短信 怎么 解决,Google,电报
电报 重 置 账号,Google,电报
电报 收 不 到 短信 验证 码 登录 不了 了,Google,电报
电报 收费 了,Google,电报
电报 on your other device,Bing,电报
电报群网页版,Google,电报
电报群组,Google,电报
电报群组,Bing,电报
电报群搜索机器人,Google,电报
电报群下载,Google,电报
电报群下载,Bing,电报
电报群组推荐,Google,电报
电报群组推荐,Bing,电报
电报群怎么加,Google,电报
电报群怎么加,Bing,电报
电报群网页,Google,电报
电报群视频下载,Google,电报
电报群是什么,Google,电报
电报群是什么,Bing,电报
电报群中文,Google,电报
电报群怎么搜索,Google,电报
电报群分享,Google,电报
电报群分享,Bing,电报
电报群怎么注册,Google,电报
电报群收不到验证码,Google,电报
电报群推荐,Bing,电报
电报群组搜索,Bing,电报
电报群注册,Bing,电报
电报群怎么进,Bing,电报
电报如何设置中文,Google,电报
电报如何设置中文,Bing,电报
电报如何扫描二维码,Google,电报
电报如何注册,Google,电报
电报如何注册,Bing,电报
电报如何搜索群组,Google,电报
电报如何搜索群组,Bing,电报
电报如何加好友,Google,电报
电报如何加好友,Bing,电报
电报软件,Google,电报
电报软件,Bing,电报
电报如何注销,Google,电报
电报如何注销,Bing,电报
电报如何绑定邮箱,Google,电报
电报如何用邮箱登录,Google,电报
电报如何使用,Google,电报
电报如何使用,Bing,电报
电报如何扫码加好友,Google,电报
电报如何搜索资源,Google,电报
电报如何扫码,Google,电报
电报如何扫码,Bing,电报
电报软件下载,Google,电报
电报软件下载,Bing,电报
电报如何登录,Google,电报
电报如何登录,Bing,电报
电报如何加群,Bing,电报
电报如何下载,Bing,电报
电报搜索群,Google,电报
电报视频下载,Google,电报
电报视频下载,Bing,电报
电报sms fee,Google,电报
电报sms fee,Bing,电报
电报收不到手机验证码,Google,电报
电报是什么软件,Google,电报
电报是什么软件,Bing,电报
电报是什么,Google,电报
电报是什么,Bing,电报
电报搜索机器人排行,Google,电报
电报社工库,Google,电报
电报视频怎么下载,Google,电报
电报设置中文,Google,电报
电报设置中文,Bing,电报
电报视频下载器,Google,电报
电报搜索工具,Google,电报
电报收不到验证码怎么办,Bing,电报
电报sms fee怎么解决,Bing,电报
电报收费,Bing,电报
电报搜索引擎,Bing,电报
电报telegram,Google,电报
电报telegram网站,Google,电报
电报telegram网站,Bing,电报
电报头像,Google,电报
电报图标,Google,电报
电报推荐,Google,电报
电报推荐,Bing,电报
电报tg,Google,电报
电报tg,Bing,电报
电报telegram下载,Google,电报
电报telegram下载,Bing,电报
电报图片下载,Google,电报
电报telegram app,Google,电报
电报telegram app,Bing,电报
电报图片,Google,电报
电报图片,Bing,电报
电报贴纸,Google,电报
电报图片搜索,Google,电报
电报推荐群,Google,电报
电报通行密钥,Google,电报
电报台湾,Google,电报
电脑图标,Bing,电报
电报telegram国内手机号验证工具,Bing,电报
电报tg下载,Bing,电报
电报 too many attempts,Bing,电报
电报telegram下载安装,Bing,电报
电报this channel can't be displayed,Bing,电报
电报username not found,Google,电报
电报user does not exist,Google,电报
电报user does not exist,Bing,电报
电报 web,Google,电报
电报 虚拟 号码,Google,电报
电报 虚拟 号,Google,电报
电报 虚拟 手机 号,Google,电报
电报 上 约 靠 谱 吗,Google,电报
电报 上 怎么 搜索 群,Google,电报
电报 上 的 骗局,Google,电报
电报 虚拟 号码 注册,Google,电报
电报 windows,Google,电报
电报 上 有 什么 好玩 的,Google,电报
电报 上 不 去,Google,电报
电报 上 的 视频 怎么 下载,Google,电报
电报 上 的 搜索 机器人,Google,电报
电报 username not found,Bing,电报
电报unavailable,Bing,电报
电报ui,Bing,电报
电报u币,Bing,电报
电报url,Bing,电报
电报u是什么,Bing,电报
电报username,Bing,电报
电报use proxy,Bing,电报
电报vpn,Google,电报
电报vpn,Bing,电报
电报vip,Google,电报
电报vip,Bing,电报
电报vpn推荐,Google,电报
电报vpn推荐,Bing,电报
电报 vi 链接,Google,电报
电报 vi 开头,Google,电报
电报 verification failed,Google,电报
电报 vi,Google,电报
电报 vtuber 中 之 人,Google,电报
电报 very card,Google,电报
电报 very,Google,电报
电报 please verify you are a human,Google,电报
vpn 电报 群,Google,电报
vps 电报 群,Google,电报
免费 vpn 电报 群,Google,电报
google voice 电报,Google,电报
电报vpn下载,Bing,电报
电报 vpn设置,Bing,电报
电报 vtuber,Bing,电报
电报vpn群,Bing,电报
电报vpn代理,Bing,电报
电报verification failed,Bing,电报
电报vr,Bing,电报
电报vr版,Bing,电报
电报vi开头的链接怎么用,Bing,电报
电报中文包,Google,电报
电报怎么搜索频道,Google,电报
电报注销,Google,电报
电报注销,Bing,电报
电报怎么注册,Google,电报
电报怎么注册,Bing,电报
电报中文搜索,Google,电报
电报注册要收费,Google,电报
电报怎么加群,Google,电报
电报怎么加群,Bing,电报
电报中文版下载,Google,电报
电报怎么用,Bing,电报
电报怎么加好友,Bing,电报
电报注册收不到验证码,Bing,电报
电报中文设置,Bing,电报
电报网页,Google,电报
电报web,Google,电报
电报web,Bing,电报
电报网页版登录,Google,电报
电报网页登录,Google,电报
电报无法登录,Google,电报
电报无法登录,Bing,电报
电报网页版中文,Google,电报
电报网,Google,电报
电报网站,Google,电报
电报网站,Bing,电报
电报无法收到验证码,Google,电报
电报无法收到验证码,Bing,电报
电报网页版收不到验证码,Google,电报
电报为什么要收费,Google,电报
电报网址,Google,电报
电报网址,Bing,电报
电报无法接收验证码,Google,电报
电报网页版打不开,Google,电报
电报网页版官网,Bing,电报
电报web版,Bing,电报
电报windows下载,Bing,电报
电报网页版注册,Bing,电报
电报网页端,Bing,电报
电报下载视频,Google,电报
电报下载视频,Bing,电报
电报下载的文件在哪里,Google,电报
电报下载速度慢,Google,电报
电报下载速度慢,Bing,电报
电报需要收费,Google,电报
电报下载链接,Google,电报
电报下载电脑版,Google,电报
电报下载电脑版,Bing,电报
电报下载安卓,Google,电报
电报下载安卓,Bing,电报
电报下载器,Google,电报
电报限制解除,Google,电报
电报下载机器人,Google,电报
电报显示敏感内容,Google,电报
电报限速,Google,电报
电报虚拟手机号,Google,电报
电报小号,Google,电报
电报x,Bing,电报
电报下载官网,Bing,电报
电报x版本,Bing,电报
电报下载的文件在哪,Bing,电报
电报下载app,Bing,电报
电报下载的视频在哪,Bing,电报
电报x和电报有啥区别,Bing,电报
电报邮箱登录,Google,电报
电报邮箱登录,Bing,电报
电报要收费,Google,电报
电报验证码,Google,电报
电报验证码,Bing,电报
电报验证码收不到,Google,电报
电报验证码收不到,Bing,电报
电报邮箱注册,Google,电报
电报邮箱注册,Bing,电报
电报英文,Google,电报
电报英文,Bing,电报
电报有什么用,Google,电报
电报一直显示连接中,Google,电报
电报养号,Google,电报
电报有网页版吗,Google,电报
电报有网页版吗,Bing,电报
电报隐藏手机号,Google,电报
电报隐藏手机号,Bing,电报
电报英文搜索机器人,Google,电报
电报验证码助手,Google,电报
电报验证码收费,Google,电报
电报邮箱,Google,电报
电报员,Bing,电报
电报原理,Bing,电报
电报验证码发送到另一台设备,Bing,电报
电报有电脑版吗,Bing,电报
电报音效,Bing,电报
纸飞机网页版,Google,纸飞机
纸飞机网页版,Bing,纸飞机
纸飞机收不到验证码,Google,纸飞机
纸飞机收不到验证码,Bing,纸飞机
纸飞机账号,Google,纸飞机
纸飞机账号,Bing,纸飞机
纸飞机群,Google,纸飞机
纸飞机群,Bing,纸飞机
纸飞机怎么注册,Google,纸飞机
纸飞机怎么注册,Bing,纸飞机
纸飞机账号购买,Google,纸飞机
纸飞机账号购买,Bing,纸飞机
纸飞机官网,Google,纸飞机
纸飞机官网,Bing,纸飞机
纸飞机怎么设置中文,Google,纸飞机
纸飞机怎么设置中文,Bing,纸飞机
纸飞机搜索机器人,Google,纸飞机
纸飞机搜索引擎,Google,纸飞机
纸飞机搜索引擎,Bing,纸飞机
纸飞机汉化,Google,纸飞机
纸飞机汉化,Bing,纸飞机
纸飞机中文安装包,Google,纸飞机
纸飞机是什么软件,Google,纸飞机
纸飞机是什么软件,Bing,纸飞机
纸飞机旧版本,Google,纸飞机
纸飞机旧版本,Bing,纸飞机
纸飞机中文,Google,纸飞机
纸飞机,Bing,纸飞机
纸飞机by 潭石,Bing,纸飞机
纸飞机下载,Bing,纸飞机
纸飞机app,Bing,纸飞机
纸飞机app,Google,纸飞机
纸飞机的折法,Bing,纸飞机
纸飞机的折法,Google,纸飞机
纸飞机简笔画,Bing,纸飞机
纸飞机简笔画,Google,纸飞机
纸飞机图片,Bing,纸飞机
纸飞机图片,Google,纸飞机
纸飞机下载官网,Bing,纸飞机
纸飞机注册,Bing,纸飞机
纸飞机被限制,Google,纸飞机
纸飞机版本,Google,纸飞机
纸飞机by,Google,纸飞机
纸飞机被冻结,Google,纸飞机
纸飞机被封禁,Google,纸飞机
纸飞机by潭石,Google,纸飞机
纸飞机不能截图,Google,纸飞机
纸飞机被限制私聊,Google,纸飞机
纸飞机被冻结了怎么办,Google,纸飞机
纸飞机被冻结怎么解封,Google,纸飞机
纸飞机保存的视频在哪里,Google,纸飞机
纸飞机保存的视频在哪里,Bing,纸飞机
纸飞机比赛,Google,纸飞机
纸飞机被管理员封禁,Google,纸飞机
纸飞机表情包怎么保存,Google,纸飞机
纸飞机保存视频,Google,纸飞机
纸飞机by 潭石无删减,Bing,纸飞机
纸飞机by琂,Bing,纸飞机
纸飞机by 潭石txt,Bing,纸飞机
纸飞机by 潭石无删减txt,Bing,纸飞机
纸飞机by 潭石补车,Bing,纸飞机
纸飞机吧,Bing,纸飞机
纸飞机by谭石,Bing,纸飞机
纸飞机by 潭石讲了什么,Bing,纸飞机
纸飞机by 潭石肉,Bing,纸飞机
纸飞机by 潭石车在第几章,Bing,纸飞机
纸飞机安卓版,Google,纸飞机
纸飞机安卓下载,Google,纸飞机
纸飞机安卓下载,Bing,纸飞机
纸飞机安装包,Google,纸飞机
纸飞机安装包,Bing,纸飞机
纸飞机ai,Google,纸飞机
纸飞机ai,Bing,纸飞机
纸飞机ai聊天,Google,纸飞机
纸飞机apk,Google,纸飞机
纸飞机apk,Bing,纸飞机
纸飞机安卓安装包,Google,纸飞机
纸飞机 a4,Google,纸飞机
纸飞机安全吗,Google,纸飞机
纸飞机安卓中文版,Google,纸飞机
纸飞机爱猫,Google,纸飞机
纸飞机app官网,Google,纸飞机
纸飞机app官网,Bing,纸飞机
纸飞机app ptt,Google,纸飞机
纸飞机ai视频,Google,纸飞机
纸飞机app下载,Bing,纸飞机
纸飞机app是干嘛的,Bing,纸飞机
纸飞机app怎么注册,Bing,纸飞机
纸飞机app中文版,Bing,纸飞机
纸飞机app怎么玩,Bing,纸飞机
纸飞机app下载官网,Bing,纸飞机
纸飞机 车,Google,纸飞机
纸飞机串口调试助手,Google,纸飞机
纸飞机串口调试助手,Bing,纸飞机
纸飞机创始人,Google,纸飞机
纸飞机长照机构,Google,纸飞机
纸飞机程式,Google,纸飞机
纸飞机查个人信息,Google,纸飞机
纸飞机刺青,Google,纸飞机
纸飞机长照,Google,纸飞机
纸飞机刺青意义,Google,纸飞机
纸飞机尝试次数过多,Google,纸飞机
纸飞机 餐厅,Google,纸飞机
纸飞机查询,Google,纸飞机
纸飞机长照评价,Google,纸飞机
纸飞机储存影片,Google,纸飞机
纸飞机材质,Google,纸飞机
纸飞机串口助手,Bing,纸飞机
纸飞机成品号,Bing,纸飞机
纸飞机串口助手破解版,Bing,纸飞机
纸飞机成品号购买,Bing,纸飞机
纸飞机插画,Bing,纸飞机
纸飞机车在第几章,Bing,纸飞机
纸飞机查询个人信息,Bing,纸飞机
纸飞机串口调试助手破解版,Bing,纸飞机
纸飞机插图,Bing,纸飞机
纸飞机code,Bing,纸飞机
纸飞机串口助手下载,Bing,纸飞机
纸飞机emoji,Google,纸飞机
纸飞机emoji,Bing,纸飞机
纸飞机 二手,Google,纸飞机
纸飞机 儿歌,Google,纸飞机
纸飞机 二手书,Google,纸飞机
纸飞机email not allowed,Google,纸飞机
纸飞机儿歌歌词,Google,纸飞机
纸飞机 二手同人,Google,纸飞机
纸飞机二级密码忘了,Google,纸飞机
纸飞机机器人,Google,纸飞机
纸飞机机器人,Bing,纸飞机
纸飞机 email not allowed,Bing,纸飞机
纸飞机儿歌,Bing,纸飞机
纸飞机ezm社圈是干嘛的,Bing,纸飞机
纸飞机email_not_allowed,Bing,纸飞机
纸飞机enter code,Bing,纸飞机
纸飞机俄乌,Bing,纸飞机
纸飞机俄罗斯,Bing,纸飞机
纸飞机 儿童文学,Bing,纸飞机
纸飞机二维码怎么扫,Bing,纸飞机
纸飞机error400,Bing,纸飞机
纸飞机番外,Google,纸飞机
纸飞机番外,Bing,纸飞机
纸飞机附近的人没有了,Google,纸飞机
纸飞机翻译中文,Google,纸飞机
纸飞机飞最远,Google,纸飞机
纸飞机发不出消息,Google,纸飞机
纸飞机发廊,Google,纸飞机
纸飞机翻墙,Google,纸飞机
纸飞机翻墙,Bing,纸飞机
纸飞机 符号,Google,纸飞机
纸飞机飞行原理,Google,纸飞机
纸飞机飞行原理,Bing,纸飞机
纸飞机发射器diy,Google,纸飞机
纸飞机服务科技股份有限公司,Google,纸飞机
纸飞机付款,Google,纸飞机
纸飞机 飞远,Google,纸飞机
纸飞机飞很远,Google,纸飞机
纸飞机 飞得远,Google,纸飞机
纸飞机繁体字,Bing,纸飞机
纸飞机发射器,Bing,纸飞机
纸飞机飞得远的折法,Bing,纸飞机
纸飞机繁体字怎么写,Bing,纸飞机
纸飞机翻译,Bing,纸飞机
纸飞机 fly away 歌词,Bing,纸飞机
纸飞机翻墙软件叫什么,Bing,纸飞机
纸飞机飞的最远叠法,Bing,纸飞机
纸飞机fly away粤语歌词,Bing,纸飞机
纸飞机登录,Google,纸飞机
纸飞机登录,Bing,纸飞机
纸飞机登录收费,Google,纸飞机
纸飞机登录收费,Bing,纸飞机
纸飞机登录不上,Google,纸飞机
纸飞机导航,Google,纸飞机
纸飞机电脑版,Google,纸飞机
纸飞机电脑版,Bing,纸飞机
纸飞机登录教程,Google,纸飞机
纸飞机登录教程,Bing,纸飞机
纸飞机登录收不到验证码,Google,纸飞机
纸飞机登录收不到验证码,Bing,纸飞机
纸飞机短信费,Google,纸飞机
纸飞机叠法,Google,纸飞机
纸飞机登录要钱,Google,纸飞机
纸飞机电报,Google,纸飞机
纸飞机电报,Bing,纸飞机
纸飞机的机器人verify认证,Google,纸飞机
纸飞机代理,Google,纸飞机
纸飞机代理,Bing,纸飞机
纸飞机登不上去,Google,纸飞机
纸飞机的折法飞得最远,Bing,纸飞机
纸飞机电脑版下载,Bing,纸飞机
纸飞机电脑版中文,Bing,纸飞机
纸飞机的折法最远最久,Bing,纸飞机
纸飞机ios,Google,纸飞机
纸飞机 icon,Google,纸飞机
纸飞机 icon,Bing,纸飞机
纸飞机ipa,Google,纸飞机
纸飞机ipa,Bing,纸飞机
纸飞机 id,Google,纸飞机
纸飞机 一楼,Google,纸飞机
纸飞机 意义,Google,纸飞机
纸飞机 威向,Google,纸飞机
纸飞机 意象,Google,纸飞机
纸飞机 如何飞得远,Google,纸飞机
纸飞机 如何 飞 远,Google,纸飞机
纸飞机 意思,Google,纸飞机
纸飞机 意涵,Google,纸飞机
纸飞机 委托,Google,纸飞机
纸飞机 ig,Google,纸飞机
纸飞机 色纸,Google,纸飞机
纸飞机ios版下载,Bing,纸飞机
纸飞机ios下载,Bing,纸飞机
纸飞机ipa下载,Bing,纸飞机
纸飞机id,Bing,纸飞机
纸飞机ios安装包,Bing,纸飞机
纸飞机ios中文版,Bing,纸飞机
纸飞机ios解除限制,Bing,纸飞机
纸飞机号,Google,纸飞机
纸飞机号,Bing,纸飞机
纸飞机汉化包,Google,纸飞机
纸飞机汉化包,Bing,纸飞机
纸飞机好用的搜索,Google,纸飞机
纸飞机灰产,Google,纸飞机
纸飞机汉化教程,Google,纸飞机
纸飞机汉化教程,Bing,纸飞机
纸飞机 画法,Google,纸飞机
纸飞机 画画,Google,纸飞机
纸飞机号码,Google,纸飞机
纸飞机 绘本,Google,纸飞机
纸飞机 回旋,Google,纸飞机
纸飞机画室,Google,纸飞机
纸飞机黑色,Google,纸飞机
纸飞机 画,Google,纸飞机
纸飞机缓存的视频在哪,Google,纸飞机
纸飞机画法简笔画,Bing,纸飞机
纸飞机号购买,Bing,纸飞机
纸飞机会员,Bing,纸飞机
纸飞机黑板报,Bing,纸飞机
纸飞机缓存的视频在哪里,Bing,纸飞机
纸飞机会员代开,Bing,纸飞机
纸飞机汉化版,Bing,纸飞机
纸飞机黑板报素材,Bing,纸飞机
纸飞机改中文,Google,纸飞机
纸飞机 歌词,Google,纸飞机
纸飞机工兵什么意思,Google,纸飞机
纸飞机关键词,Google,纸飞机
纸飞机归档是什么意思,Google,纸飞机
纸飞机高雄青年旅馆,Google,纸飞机
纸飞机歌曲,Google,纸飞机
纸飞机歌曲,Bing,纸飞机
纸飞机歌词林洁心,Google,纸飞机
纸飞机 高雄,Google,纸飞机
纸飞机购买账号,Google,纸飞机
纸飞机归档,Google,纸飞机
纸飞机国内怎么注册,Google,纸飞机
纸飞机冠军,Google,纸飞机
纸飞机高雄青年旅馆-捷运高医后驿店paperplane hostel 相片,Google,纸飞机
纸飞机官网网页版,Bing,纸飞机
纸飞机歌词,Bing,纸飞机
纸飞机官网注册,Bing,纸飞机
纸飞机官网入口,Bing,纸飞机
纸飞机官网下载,Bing,纸飞机
纸飞机官网 vpn,Bing,纸飞机
纸飞机官网中文版,Bing,纸飞机
纸飞机购买,Bing,纸飞机
纸飞机歌曲原唱,Bing,纸飞机
纸飞机官方,Bing,纸飞机
纸飞机极搜,Google,纸飞机
纸飞机极搜,Bing,纸飞机
纸飞机接码平台,Google,纸飞机
纸飞机接码平台,Bing,纸飞机
纸飞机旧版本下载,Google,纸飞机
纸飞机教程,Google,纸飞机
纸飞机教程,Bing,纸飞机
纸飞机加入群组,Google,纸飞机
纸飞机接不到验证码,Google,纸飞机
纸飞机加好友,Google,纸飞机
纸飞机解除敏感内容,Google,纸飞机
纸飞机解除敏感内容,Bing,纸飞机
纸飞机机场,Google,纸飞机
纸飞机接收不到验证码,Google,纸飞机
纸飞机酒馆,Google,纸飞机
纸飞机机器人搜索,Google,纸飞机
纸飞机加速器,Bing,纸飞机
纸飞机计算器,Bing,纸飞机
纸飞机加速器免费,Bing,纸飞机
纸飞机叫什么,Bing,纸飞机
纸飞机简笔画图片,Bing,纸飞机
纸飞机快搜,Google,纸飞机
纸飞机客服,Google,纸飞机
纸飞机可以用邮箱注册吗,Google,纸飞机
纸飞机可以用邮箱注册吗,Bing,纸飞机
纸飞机空中之王,Google,纸飞机
纸飞机 卡通,Google,纸飞机
纸飞机 卡通,Bing,纸飞机
纸飞机 科展,Google,纸飞机
纸飞机可以飞,Google,纸飞机
纸飞机看电影,Google,纸飞机
纸飞机科学原理,Google,纸飞机
纸飞机卡通图,Google,纸飞机
纸飞机开始收费了,Google,纸飞机
纸飞机看视频很卡,Google,纸飞机
纸飞机咖啡,Google,纸飞机
纸飞机可以干什么,Google,纸飞机
纸飞机靠谱吗,Google,纸飞机
纸飞机开户,Bing,纸飞机
纸飞机开户教程,Bing,纸飞机
纸飞机开盒,Bing,纸飞机
纸飞机卡通图片,Bing,纸飞机
纸飞机开户软件,Bing,纸飞机
纸飞机开户软件下载,Bing,纸飞机
纸飞机开盒教程,Bing,纸飞机
纸飞机卡通素材,Bing,纸飞机
纸飞机开户机器人,Bing,纸飞机
纸飞机开户频道,Bing,纸飞机
纸飞机看片,Bing,纸飞机
纸飞机历史版本,Google,纸飞机
纸飞机历史版本,Bing,纸飞机
纸飞机炼铜,Google,纸飞机
纸飞机老版本下载,Google,纸飞机
纸飞机老版本下载,Bing,纸飞机
纸飞机链接下载,Google,纸飞机
纸飞机老板,Google,纸飞机
纸飞机路跑,Google,纸飞机
纸飞机路跑2026,Google,纸飞机
纸飞机链接,Google,纸飞机
纸飞机链接,Bing,纸飞机
纸飞机 林洁心,Google,纸飞机
纸飞机logo,Google,纸飞机
纸飞机logo,Bing,纸飞机
纸飞机聊天群,Google,纸飞机
纸飞机 林忆莲,Google,纸飞机
纸飞机 林忆莲,Bing,纸飞机
纸飞机链接打不开,Google,纸飞机
纸飞机链接打不开,Bing,纸飞机
纸飞机路跑成绩,Google,纸飞机
纸飞机论坛,Google,纸飞机
纸飞机论坛,Bing,纸飞机
纸飞机聊天软件,Bing,纸飞机
纸飞机老版本,Bing,纸飞机
纸飞机浏览器,Bing,纸飞机
纸飞机留空时间最长的折法,Bing,纸飞机
纸飞机聊天app官网,Bing,纸飞机
纸飞机免费版,Google,纸飞机
纸飞机免费,Google,纸飞机
纸飞机漫画,Google,纸飞机
纸飞机漫画,Bing,纸飞机
纸飞机没有中文,Google,纸飞机
纸飞机敏感限制,Google,纸飞机
纸飞机买号,Google,纸飞机
纸飞机模型,Google,纸飞机
纸飞机模型,Bing,纸飞机
纸飞机敏感内容,Google,纸飞机
纸飞机美术教室,Google,纸飞机
纸飞机民宿,Google,纸飞机
纸飞机密码格式,Google,纸飞机
纸飞机没有中文吗,Google,纸飞机
纸飞机没有中文吗,Bing,纸飞机
纸飞机密码忘了怎么办,Google,纸飞机
纸飞机免注册,Google,纸飞机
纸飞机美甲,Google,纸飞机
纸飞机芒果书坊,Bing,纸飞机
纸飞机漫画免费阅读,Bing,纸飞机
纸飞机mp3下载,Bing,纸飞机
纸飞机免费代理,Bing,纸飞机
纸飞机mmd,Bing,纸飞机
纸飞机免费加速器,Bing,纸飞机
纸飞机名字,Bing,纸飞机
纸飞机免费下载,Bing,纸飞机
纸飞机免费节点,Bing,纸飞机
纸飞机能干嘛,Google,纸飞机
纸飞机能干嘛,Bing,纸飞机
纸飞机 那吾克热 歌词,Google,纸飞机
纸飞机能干什么,Google,纸飞机
纸飞机昵称,Google,纸飞机
纸飞机用法,Google,纸飞机
纸飞机怎么用,Google,纸飞机
纸飞机怎么用,Bing,纸飞机
纸飞机能用中国手机号注册吗,Bing,纸飞机
纸飞机酿造,Bing,纸飞机
纸飞机南宁群,Bing,纸飞机
纸飞机内置代理,Bing,纸飞机
纸飞机能用邮箱注册吗,Bing,纸飞机
纸飞机npc,Bing,纸飞机
纸飞机 女菩萨,Bing,纸飞机
纸飞机 那吾克热,Bing,纸飞机
纸飞机能用谷歌账号登录吗,Bing,纸飞机
纸飞机内核,Bing,纸飞机
纸飞机欧美,Google,纸飞机
纸飞机 折法,Google,纸飞机
纸飞机 openrice,Google,纸飞机
纸飞机折法 简单,Google,纸飞机
纸飞机 折,Google,纸飞机
纸飞机 折法 远,Google,纸飞机
纸飞机折法 最久,Google,纸飞机
纸飞机折法 a4,Google,纸飞机
纸飞机 音乐,Google,纸飞机
纸飞机 玩具,Google,纸飞机
纸飞机 收不到验证码,Google,纸飞机
纸飞机 公视,Google,纸飞机
纸飞机折法 长方形,Google,纸飞机
纸飞机 折纸,Google,纸飞机
omi 纸飞机,Google,纸飞机
纸飞机 obj,Bing,纸飞机
纸飞机软件,Bing,纸飞机
纸飞机软件,Google,纸飞机
纸飞机频道,Google,纸飞机
纸飞机频道,Bing,纸飞机
纸飞机频道搜索,Google,纸飞机
纸飞机频道搜索,Bing,纸飞机
纸飞机频道推荐,Google,纸飞机
纸飞机频道推荐,Bing,纸飞机
纸飞机频道无法显示,Google,纸飞机
纸飞机频道进不去,Google,纸飞机
纸飞机pc版,Google,纸飞机
纸飞机pc版,Bing,纸飞机
纸飞机苹果安装包,Google,纸飞机
纸飞机苹果,Google,纸飞机
纸飞机骗局,Google,纸飞机
纸飞机平替,Google,纸飞机
纸飞机频道导航,Google,纸飞机
纸飞机碰到雨天终究会坠落,Google,纸飞机
纸飞机 png,Google,纸飞机
纸飞机评论区怎么打开,Google,纸飞机
纸飞机 噗浪,Google,纸飞机
纸飞机po,Bing,纸飞机
纸飞机苹果下载,Bing,纸飞机
纸飞机png,Bing,纸飞机
纸飞机破解版,Bing,纸飞机
纸飞机频道大全,Bing,纸飞机
纸飞机ppt素材,Bing,纸飞机
纸飞机png素材,Bing,纸飞机
纸飞机pc端,Bing,纸飞机
纸飞机群聊,Google,纸飞机
纸飞机群推荐,Google,纸飞机
纸飞机群推荐,Bing,纸飞机
纸飞机群聊推荐,Google,纸飞机
纸飞机群组机器人,Google,纸飞机
纸飞机群聊搜索,Google,纸飞机
纸飞机亲子空间,Google,纸飞机
纸飞机青旅,Google,纸飞机
纸飞机q版,Google,纸飞机
纸 飞机 青年 旅馆的评论,Google,纸飞机
纸 飞机 青年 旅馆,Google,纸飞机
纸 飞机 青年 旅馆的图片,Google,纸飞机
纸 飞机 亲子 餐厅的评论,Google,纸飞机
纸 飞机 亲子 餐厅的图片,Google,纸飞机
纸 飞机 青年 旅馆的价格,Google,纸飞机
纸飞机群组搜索,Bing,纸飞机
纸飞机全名,Bing,纸飞机
纸飞机全称,Bing,纸飞机
纸飞机群组被屏蔽怎么解除限制,Bing,纸飞机
纸飞机群组,Bing,纸飞机
纸飞机群组推荐,Bing,纸飞机
纸飞机切换中文,Bing,纸飞机
纸飞机全文免费阅读,Bing,纸飞机
纸飞机如何注册,Google,纸飞机
纸飞机如何注册,Bing,纸飞机
纸飞机如何设置中文,Google,纸飞机
纸飞机如何设置中文,Bing,纸飞机
纸飞机如何找群,Google,纸飞机
纸飞机如何登录,Google,纸飞机
纸飞机如何搜索,Google,纸飞机
纸飞机如何加好友,Google,纸飞机
纸飞机如何使用,Google,纸飞机
纸飞机如何使用,Bing,纸飞机
纸飞机如何注销,Google,纸飞机
纸飞机如何注销,Bing,纸飞机
纸飞机如何搜索频道,Google,纸飞机
纸飞机如何搜索频道,Bing,纸飞机
纸飞机如何飞的远,Google,纸飞机
纸飞机 日文,Google,纸飞机
纸飞机如何下载视频,Google,纸飞机
纸飞机如何加群,Google,纸飞机
纸飞机如何注销账号,Google,纸飞机
纸飞机软件是什么,Bing,纸飞机
纸飞机软件下载,Bing,纸飞机
纸飞机如何加入频道,Bing,纸飞机
纸飞机如何下载,Bing,纸飞机
纸飞机软件怎么注册,Bing,纸飞机
纸飞机软件是干什么用的,Bing,纸飞机
纸飞机搜索,Google,纸飞机
纸飞机视频下载,Google,纸飞机
纸飞机视频下载,Bing,纸飞机
纸飞机sms fee,Google,纸飞机
纸飞机是什么,Google,纸飞机
纸飞机设置中文,Google,纸飞机
纸飞机设置中文,Bing,纸飞机
纸飞机搜索频道,Google,纸飞机
纸飞机搜索频道,Bing,纸飞机
纸飞机社工库,Google,纸飞机
纸飞机收不到短信验证码,Google,纸飞机
纸飞机收不到验证码怎么解决,Google,纸飞机
纸飞机视频下载器,Google,纸飞机
纸飞机收费吗,Google,纸飞机
纸飞机素材,Bing,纸飞机
纸飞机收不到短信验证+86,Bing,纸飞机
纸飞机收费,Bing,纸飞机
纸飞机是什么app,Bing,纸飞机
纸飞机素材免抠,Bing,纸飞机
纸飞机收不到验证码怎么办,Bing,纸飞机
纸飞机 潭石,Google,纸飞机
纸飞机telegeram,Google,纸飞机
纸飞机telegram,Google,纸飞机
纸飞机tg中文版,Google,纸飞机
纸飞机telegeram下载,Google,纸飞机
纸飞机推荐,Google,纸飞机
纸飞机潭石txt,Google,纸飞机
纸飞机头像,Google,纸飞机
纸飞机跳过收费,Google,纸飞机
纸飞机同城,Google,纸飞机
纸飞机 调酒,Google,纸飞机
纸飞机图标,Google,纸飞机
纸飞机图标,Bing,纸飞机
纸飞机 图案,Google,纸飞机
纸飞机图片下载,Google,纸飞机
纸飞机txt下载,Bing,纸飞机
纸飞机tg,Bing,纸飞机
纸飞机调试助手,Bing,纸飞机
纸飞机txt下载无删减,Bing,纸飞机
纸飞机telegram官网,Bing,纸飞机
纸飞机图片素材,Bing,纸飞机
纸飞机telegram下载,Bing,纸飞机
纸飞机潭石,Bing,纸飞机
纸飞机图片卡通,Bing,纸飞机
纸飞机telegeram官网版下载,Bing,纸飞机
纸飞机vpn,Google,纸飞机
纸飞机vpn,Bing,纸飞机
纸飞机vpn官网,Google,纸飞机
纸飞机vpn下载,Google,纸飞机
纸飞机vpn下载,Bing,纸飞机
纸飞机x,Google,纸飞机
纸飞机原理,Google,纸飞机
vk克 纸飞机,Google,纸飞机
纸飞机vpn网址,Bing,纸飞机
纸飞机vpn加速器,Bing,纸飞机
纸飞机vpn免费试用,Bing,纸飞机
纸飞机 vpn 客服,Bing,纸飞机
纸飞机 vpn 推荐,Bing,纸飞机
纸飞机 vpn 评测,Bing,纸飞机
纸飞机 vpn 退款,Bing,纸飞机
纸飞机 vpn 优惠码,Bing,纸飞机
纸飞机 vpn 使用教程,Bing,纸飞机
纸飞机 vpn 速度测试,Bing,纸飞机
纸飞机网页,Google,纸飞机
纸飞机网页版登录,Google,纸飞机
纸飞机网页版收不到验证码,Google,纸飞机
纸飞机网站,Google,纸飞机
纸飞机网站,Bing,纸飞机
纸飞机网页版中文,Google,纸飞机
纸飞机未删减,Google,纸飞机
纸飞机未删减,Bing,纸飞机
纸飞机为什么要收费,Google,纸飞机
纸飞机为什么收不到验证码,Google,纸飞机
纸飞机万能搜索,Google,纸飞机
纸飞机忘记密码,Google,纸飞机
纸飞机无法收到验证码,Google,纸飞机
纸飞机无法收到验证码,Bing,纸飞机
纸飞机无法登录,Google,纸飞机
纸飞机网速慢,Google,纸飞机
纸飞机网盘,Google,纸飞机
纸飞机网盘,Bing,纸飞机
纸飞机网页版登录入口,Bing,纸飞机
纸飞机web,Bing,纸飞机
纸飞机网址,Bing,纸飞机
纸飞机未删减版在线阅读,Bing,纸飞机
纸飞机网页版登陆,Bing,纸飞机
纸飞机网页版下载,Bing,纸飞机
纸飞机windows下载,Bing,纸飞机
纸飞机ultra,Google,纸飞机
纸飞机 歌词 张峰奇,Google,纸飞机
纸飞机 歌词 林忆莲,Google,纸飞机
纸飞机 歌,Google,纸飞机
纸飞机 歌词 艾薇,Google,纸飞机
纸飞机 歌词 永彬,Google,纸飞机
纸飞机 歌词 林洁心,Google,纸飞机
纸飞机 海报,Google,纸飞机
纸飞机 谢霆锋 歌词,Google,纸飞机
纸飞机 日文 歌,Google,纸飞机
power up 纸飞机,Google,纸飞机
上升气流 纸飞机,Google,纸飞机
内坜高中 纸飞机,Google,纸飞机
jin wenqi 纸飞机,Google,纸飞机
纸飞机ui,Bing,纸飞机
纸飞机unavailable,Bing,纸飞机
纸飞机useproxy怎么填,Bing,纸飞机
纸飞机usb,Bing,纸飞机
纸飞机usdt,Bing,纸飞机
纸飞机user does not exist,Bing,纸飞机
纸飞机use proxy,Bing,纸飞机
纸飞机小说,Google,纸飞机
纸飞机小说,Bing,纸飞机
纸飞机x版,Google,纸飞机
纸飞机x版,Bing,纸飞机
纸飞机限制解除,Google,纸飞机
纸飞机下载视频,Google,纸飞机
纸飞机下载的文件在哪里,Google,纸飞机
纸飞机小说群,Google,纸飞机
纸飞机x版本,Google,纸飞机
纸飞机虚拟手机号,Google,纸飞机
纸飞机显示sms fee,Google,纸飞机
纸飞机小说未删减完整版,Bing,纸飞机
纸飞机下载电脑版,Bing,纸飞机
纸飞机下载的文件在哪,Bing,纸飞机
纸飞机下载app,Bing,纸飞机
纸飞机下载中文版,Bing,纸飞机
纸飞机x版本下载,Bing,纸飞机
纸飞机小说琂,Bing,纸飞机
纸飞机小说txt下载,Bing,纸飞机
纸飞机要钱,Google,纸飞机
纸飞机邮箱登录,Google,纸飞机
纸飞机邮箱登录,Bing,纸飞机
纸飞机 英文,Google,纸飞机
纸飞机验证码助手,Google,纸飞机
纸飞机验证码,Google,纸飞机
纸飞机邮箱注册,Google,纸飞机
纸飞机邮箱注册,Bing,纸飞机
纸飞机要钱吗,Google,纸飞机
纸飞机验证码收不到,Google,纸飞机
纸飞机验证码收不到,Bing,纸飞机
纸飞机要短信费,Google,纸飞机
纸飞机一直转圈,Google,纸飞机
纸飞机约靠谱吗,Google,纸飞机
纸飞机邮箱不可用,Google,纸飞机
纸飞机 琂,Google,纸飞机
纸飞机验证码发送到其他设备,Google,纸飞机
纸飞机验证码发送到其他设备,Bing,纸飞机
纸飞机有什么用,Google,纸飞机
纸飞机英文,Bing,纸飞机
纸飞机游戏,Bing,纸飞机
纸飞机音乐,Bing,纸飞机
纸飞机英文名,Bing,纸飞机
纸飞机琂,Bing,纸飞机
纸飞机要收费,Bing,纸飞机
纸飞机有电脑版吗,Bing,纸飞机
纸飞机一直转圈圈进不去,Bing,纸飞机
纸飞机注册教程,Google,纸飞机
纸飞机注册教程,Bing,纸飞机
纸飞机怎么搜索频道,Google,纸飞机
纸飞机折法,Google,纸飞机
纸飞机中文包,Google,纸飞机
纸飞机中文包,Bing,纸飞机
纸飞机怎么搜索群,Google,纸飞机
纸飞机怎么登录,Google,纸飞机
纸飞机注册收费,Google,纸飞机
纸飞机怎么下载,Google,纸飞机
纸飞机中文版,Bing,纸飞机
纸飞机注册收不到验证码,Bing,纸飞机
纸飞机中文设置,Bing,纸飞机
纸飞机账号购买平台,Bing,纸飞机
